<?xml version="1.0" encoding="UTF-8"?>
<!DOCTYPE mapper
PUBLIC "-//mybatis.org//DTD Mapper 3.0//EN"
"http://mybatis.org/dtd/mybatis-3-mapper.dtd">

<!-- namespace="매퍼 인터페이스 경로" --> 
<mapper namespace="com.board.community.mapper.FileMapper">

    <!-- 목록 -->
    <select id="list" resultType="Files">
        SELECT *
        FROM files
    </select>

    <!-- 조회 -->
    <select id="select" resultType="Files">
        SELECT *
        FROM files
        WHERE id = #{id}
    </select>

    <!-- 등록 -->
    <insert id="insert">
        INSERT INTO files (id, file_name, file_path, file_size, type, parent_table, parent_no)
        VALUES(#{id}, #{fileName}, #{filePath}, #{fileSize}, #{type}, #{parentTable}, #{parentNo})
    </insert>

    <!-- 수정 -->
    <update id="update">
        UPDATE files
            SET file_name = #{fileName}
                ,file_path = #{filePath}
                ,file_size = #{ fileSize}
                ,type = #{type}
                ,parent_table = #{parentTable}
                ,parent_no = #{parentNo}
        WHERE id = #{id}
    </update>

    <!-- 삭제 -->
    <delete id="delete">
        DELETE FROM files
        WHERE id = #{id}
    </delete>

    <!-- 부모테이블 기준 파일 목록 -->
    <select id="listByParent" resultType="Files">
        SELECT *
        FROM files
        WHERE parent_table = #{parentTable}
            AND parent_no = #{parentNo}
        ORDER BY no
    </select>

        <!-- 부모테이블 기준 파일 삭제 -->
        <delete id="deleteByParent">
            DELETE FROM files
            WHERE parent_table = #{parentTable}
                AND parent_no = #{parentNo}
            ORDER BY no
        </delete>


</mapper>